decision_id,option,status,token_status
United Kingdom_18,SECURITY,DISCUSSED,KNOWN
United Kingdom_20,SECURITY,DISCUSSED,KNOWN
United Kingdom_20,ACCOUNTABILITY,DISCUSSED,KNOWN
United Kingdom_16,SECURITY,DISCUSSED,KNOWN
United Kingdom_16,ACCOUNTABILITY,DISCUSSED,KNOWN
United Kingdom_17,SECURITY,DISCUSSED,KNOWN
United Kingdom_21,SECURITY,DISCUSSED,KNOWN
United Kingdom_21,ACCOUNTABILITY,DISCUSSED,KNOWN
United Kingdom_19,LAWFULNESS_FAIRNESS_TRANSPARENCY,DISCUSSED,KNOWN
United Kingdom_26,NONE_VIOLATED,DISCUSSED,KNOWN
United Kingdom_25,SECURITY,DISCUSSED,KNOWN
United Kingdom_23,SECURITY,DISCUSSED,KNOWN
United Kingdom_24,ACCURACY,DISCUSSED,KNOWN
United Kingdom_24,SECURITY,DISCUSSED,KNOWN
United Kingdom_24,ACCOUNTABILITY,DISCUSSED,KNOWN
United Kingdom_29,LAWFULNESS_FAIRNESS_TRANSPARENCY,DISCUSSED,KNOWN
United Kingdom_29,PURPOSE_LIMITATION,DISCUSSED,KNOWN
United Kingdom_28,SECURITY,DISCUSSED,KNOWN
United Kingdom_28,ACCOUNTABILITY,DISCUSSED,KNOWN
United Kingdom_32,SECURITY,DISCUSSED,KNOWN
United Kingdom_31,DATA_MINIMISATION,DISCUSSED,KNOWN
United Kingdom_31,ACCOUNTABILITY,DISCUSSED,KNOWN
United Kingdom_36,NOT_DISCUSSED,DISCUSSED,UNKNOWN
United Kingdom_34,SECURITY,DISCUSSED,KNOWN
United Kingdom_37,SECURITY,DISCUSSED,KNOWN
United Kingdom_35,NONE_VIOLATED,DISCUSSED,KNOWN
United Kingdom_39,SECURITY,DISCUSSED,KNOWN
United Kingdom_45,NONE_VIOLATED,DISCUSSED,KNOWN
United Kingdom_44,LAWFULNESS_FAIRNESS_TRANSPARENCY,DISCUSSED,KNOWN
United Kingdom_41,SECURITY,DISCUSSED,KNOWN
United Kingdom_48,SECURITY,DISCUSSED,KNOWN
United Kingdom_49,NONE_VIOLATED,DISCUSSED,KNOWN
United Kingdom_50,LAWFULNESS_FAIRNESS_TRANSPARENCY,DISCUSSED,KNOWN
United Kingdom_54,NOT_DETERMINED,DISCUSSED,KNOWN
United Kingdom_55,SECURITY,DISCUSSED,KNOWN
United Kingdom_59,LAWFULNESS_FAIRNESS_TRANSPARENCY,DISCUSSED,KNOWN
United Kingdom_60,SECURITY,DISCUSSED,KNOWN
United Kingdom_57,SECURITY,DISCUSSED,KNOWN
United Kingdom_63,NOT_DISCUSSED,DISCUSSED,UNKNOWN
United Kingdom_62,NONE_VIOLATED,DISCUSSED,KNOWN
Sweden_2,SECURITY,DISCUSSED,KNOWN
Sweden_2,ACCOUNTABILITY,DISCUSSED,KNOWN
Sweden_3,SECURITY,DISCUSSED,KNOWN
Sweden_3,ACCOUNTABILITY,DISCUSSED,KNOWN
Sweden_4,SECURITY,DISCUSSED,KNOWN
Sweden_4,ACCOUNTABILITY,DISCUSSED,KNOWN
Sweden_1,LAWFULNESS_FAIRNESS_TRANSPARENCY,DISCUSSED,KNOWN
Sweden_1,PURPOSE_LIMITATION,DISCUSSED,KNOWN
Sweden_1,SECURITY,DISCUSSED,KNOWN
Sweden_1,ACCOUNTABILITY,DISCUSSED,KNOWN
Sweden_5,ACCOUNTABILITY,DISCUSSED,KNOWN
Sweden_7,SECURITY,DISCUSSED,KNOWN
Sweden_6,ACCOUNTABILITY,DISCUSSED,KNOWN
Sweden_9,SECURITY,DISCUSSED,KNOWN
Sweden_10,LAWFULNESS_FAIRNESS_TRANSPARENCY,DISCUSSED,KNOWN
Sweden_10,PURPOSE_LIMITATION,DISCUSSED,KNOWN
Sweden_10,DATA_MINIMISATION,DISCUSSED,KNOWN
Sweden_10,SECURITY,DISCUSSED,KNOWN
Sweden_12,SECURITY,DISCUSSED,KNOWN
Sweden_12,ACCOUNTABILITY,DISCUSSED,KNOWN
Sweden_14,LAWFULNESS_FAIRNESS_TRANSPARENCY,DISCUSSED,KNOWN
Sweden_14,SECURITY,DISCUSSED,KNOWN
Sweden_15,LAWFULNESS_FAIRNESS_TRANSPARENCY,DISCUSSED,KNOWN
Sweden_18,LAWFULNESS_FAIRNESS_TRANSPARENCY,DISCUSSED,KNOWN
Sweden_18,DATA_MINIMISATION,DISCUSSED,KNOWN
Sweden_18,SECURITY,DISCUSSED,KNOWN
Sweden_16,LAWFULNESS_FAIRNESS_TRANSPARENCY,DISCUSSED,KNOWN
Sweden_20,LAWFULNESS_FAIRNESS_TRANSPARENCY,DISCUSSED,KNOWN
Sweden_20,ACCOUNTABILITY,DISCUSSED,KNOWN
Sweden_22,SECURITY,DISCUSSED,KNOWN
Sweden_22,ACCOUNTABILITY,DISCUSSED,KNOWN
Sweden_23,SECURITY,DISCUSSED,KNOWN
Sweden_26,NONE_VIOLATED,DISCUSSED,KNOWN
Sweden_24,LAWFULNESS_FAIRNESS_TRANSPARENCY,DISCUSSED,KNOWN
Sweden_27,NONE_VIOLATED,DISCUSSED,KNOWN
Sweden_30,DATA_MINIMISATION,DISCUSSED,KNOWN
Sweden_30,ACCOUNTABILITY,DISCUSSED,KNOWN
Sweden_31,STORAGE_LIMITATION,DISCUSSED,KNOWN
Sweden_31,SECURITY,DISCUSSED,KNOWN
Sweden_31,ACCOUNTABILITY,DISCUSSED,KNOWN
Sweden_33,SECURITY,DISCUSSED,KNOWN
Sweden_29,PURPOSE_LIMITATION,DISCUSSED,KNOWN
Sweden_29,DATA_MINIMISATION,DISCUSSED,KNOWN
Sweden_29,ACCURACY,DISCUSSED,KNOWN
Sweden_29,STORAGE_LIMITATION,DISCUSSED,KNOWN
Sweden_29,SECURITY,DISCUSSED,KNOWN
Sweden_29,ACCOUNTABILITY,DISCUSSED,KNOWN
Sweden_29,NONE_VIOLATED,DISCUSSED,KNOWN
Sweden_29,NOT_DETERMINED,DISCUSSED,KNOWN
Sweden_36,SECURITY,DISCUSSED,KNOWN
Sweden_34,SECURITY,DISCUSSED,KNOWN
Sweden_35,SECURITY,DISCUSSED,KNOWN
Sweden_35,ACCOUNTABILITY,DISCUSSED,KNOWN
Sweden_37,SECURITY,DISCUSSED,KNOWN
Sweden_38,LAWFULNESS_FAIRNESS_TRANSPARENCY,DISCUSSED,KNOWN
Sweden_41,SECURITY,DISCUSSED,KNOWN
Sweden_42,ACCOUNTABILITY,DISCUSSED,KNOWN
Sweden_47,NONE_VIOLATED,DISCUSSED,KNOWN
Sweden_48,ACCOUNTABILITY,DISCUSSED,KNOWN
Spain_1,NONE_VIOLATED,DISCUSSED,KNOWN
Sweden_57,NONE_VIOLATED,DISCUSSED,KNOWN
Sweden_52,LAWFULNESS_FAIRNESS_TRANSPARENCY,DISCUSSED,KNOWN
Spain_3,LAWFULNESS_FAIRNESS_TRANSPARENCY,DISCUSSED,KNOWN
Spain_2,LAWFULNESS_FAIRNESS_TRANSPARENCY,DISCUSSED,KNOWN
Spain_4,SECURITY,DISCUSSED,KNOWN
Spain_6,NONE_VIOLATED,DISCUSSED,KNOWN
Spain_7,NONE_VIOLATED,DISCUSSED,KNOWN
Spain_8,NONE_VIOLATED,DISCUSSED,KNOWN
Spain_10,NONE_VIOLATED,DISCUSSED,KNOWN
Spain_12,NOT_DETERMINED,DISCUSSED,KNOWN
Spain_11,SECURITY,DISCUSSED,KNOWN
Spain_15,NONE_VIOLATED,DISCUSSED,KNOWN
Spain_16,NONE_VIOLATED,DISCUSSED,KNOWN
Spain_14,NONE_VIOLATED,DISCUSSED,KNOWN
Spain_18,NONE_VIOLATED,DISCUSSED,KNOWN
Spain_19,NONE_VIOLATED,DISCUSSED,KNOWN
Spain_21,NOT_DETERMINED,DISCUSSED,KNOWN
Spain_22,NONE_VIOLATED,DISCUSSED,KNOWN
Spain_25,NONE_VIOLATED,DISCUSSED,KNOWN
Spain_24,NONE_VIOLATED,DISCUSSED,KNOWN
Spain_26,NONE_VIOLATED,DISCUSSED,KNOWN
Spain_27,NONE_VIOLATED,DISCUSSED,KNOWN
Spain_28,NONE_VIOLATED,DISCUSSED,KNOWN
Spain_30,NONE_VIOLATED,DISCUSSED,KNOWN
Spain_32,NONE_VIOLATED,DISCUSSED,KNOWN
Spain_29,NONE_VIOLATED,DISCUSSED,KNOWN
Spain_31,NONE_VIOLATED,DISCUSSED,KNOWN
Spain_33,NONE_VIOLATED,DISCUSSED,KNOWN
Spain_35,NONE_VIOLATED,DISCUSSED,KNOWN
Spain_36,LAWFULNESS_FAIRNESS_TRANSPARENCY,DISCUSSED,KNOWN
Spain_40,DATA_MINIMISATION,DISCUSSED,KNOWN
Spain_41,SECURITY,DISCUSSED,KNOWN
Spain_42,LAWFULNESS_FAIRNESS_TRANSPARENCY,DISCUSSED,KNOWN
Spain_45,INFORMATION_OBLIGATIONS,DISCUSSED,UNKNOWN
Spain_47,SECURITY,DISCUSSED,KNOWN
Spain_48,NONE_VIOLATED,DISCUSSED,KNOWN
Spain_51,NONE_VIOLATED,DISCUSSED,KNOWN
Spain_49,LAWFULNESS_FAIRNESS_TRANSPARENCY,DISCUSSED,KNOWN
Spain_52,NONE_VIOLATED,DISCUSSED,KNOWN
Spain_50,LAWFULNESS_FAIRNESS_TRANSPARENCY,DISCUSSED,KNOWN
Spain_53,DATA_MINIMISATION,DISCUSSED,KNOWN
Spain_56,NONE_VIOLATED,DISCUSSED,KNOWN
Spain_55,LAWFULNESS_FAIRNESS_TRANSPARENCY,DISCUSSED,KNOWN
Spain_54,SECURITY,DISCUSSED,KNOWN
Spain_57,ACCOUNTABILITY,DISCUSSED,KNOWN
Spain_58,SECURITY,DISCUSSED,KNOWN
Spain_59,SECURITY,DISCUSSED,KNOWN
Spain_60,SECURITY,DISCUSSED,KNOWN
Spain_62,LAWFULNESS_FAIRNESS_TRANSPARENCY,DISCUSSED,KNOWN
Spain_63,LAWFULNESS_FAIRNESS_TRANSPARENCY,DISCUSSED,KNOWN
Spain_64,LAWFULNESS_FAIRNESS_TRANSPARENCY,DISCUSSED,KNOWN
Spain_64,ACCURACY,DISCUSSED,KNOWN
Spain_67,LAWFULNESS_FAIRNESS_TRANSPARENCY,DISCUSSED,KNOWN
Spain_67,SECURITY,DISCUSSED,KNOWN
Spain_69,ACCURACY,DISCUSSED,KNOWN
Spain_71,SECURITY,DISCUSSED,KNOWN
Spain_70,NONE_VIOLATED,DISCUSSED,KNOWN
Spain_68,LAWFULNESS_FAIRNESS_TRANSPARENCY,DISCUSSED,KNOWN
Spain_73,LAWFULNESS_FAIRNESS_TRANSPARENCY,DISCUSSED,KNOWN
Spain_74,LAWFULNESS_FAIRNESS_TRANSPARENCY,DISCUSSED,KNOWN
Spain_77,NONE_VIOLATED,DISCUSSED,KNOWN
Spain_75,SECURITY,DISCUSSED,KNOWN
Spain_81,SECURITY,DISCUSSED,KNOWN
Spain_78,LAWFULNESS_FAIRNESS_TRANSPARENCY,DISCUSSED,KNOWN
Spain_78,SECURITY,DISCUSSED,KNOWN
Spain_78,ACCOUNTABILITY,DISCUSSED,KNOWN
Spain_76,PURPOSE_LIMITATION,DISCUSSED,KNOWN
Spain_82,LAWFULNESS_FAIRNESS_TRANSPARENCY,DISCUSSED,KNOWN
Spain_82,SECURITY,DISCUSSED,KNOWN
Spain_80,LAWFULNESS_FAIRNESS_TRANSPARENCY,DISCUSSED,KNOWN
Spain_80,SECURITY,DISCUSSED,KNOWN
Spain_80,ACCOUNTABILITY,DISCUSSED,KNOWN
Spain_83,SECURITY,DISCUSSED,KNOWN
Spain_85,DATA_MINIMISATION,DISCUSSED,KNOWN
Spain_87,NONE_VIOLATED,DISCUSSED,KNOWN
Spain_86,LAWFULNESS_FAIRNESS_TRANSPARENCY,DISCUSSED,KNOWN
Spain_88,SECURITY,DISCUSSED,KNOWN
Spain_91,LAWFULNESS_FAIRNESS_TRANSPARENCY,DISCUSSED,KNOWN
Spain_93,LAWFULNESS_FAIRNESS_TRANSPARENCY,DISCUSSED,KNOWN
Spain_89,LAWFULNESS_FAIRNESS_TRANSPARENCY,DISCUSSED,KNOWN
Spain_90,LAWFULNESS_FAIRNESS_TRANSPARENCY,DISCUSSED,KNOWN
Spain_94,NONE_VIOLATED,DISCUSSED,KNOWN
Spain_95,NONE_VIOLATED,DISCUSSED,KNOWN
Spain_92,SECURITY,DISCUSSED,KNOWN
Spain_92,ACCOUNTABILITY,DISCUSSED,KNOWN
Spain_96,DATA_MINIMISATION,DISCUSSED,KNOWN
Spain_98,SECURITY,DISCUSSED,KNOWN
Spain_99,NONE_VIOLATED,DISCUSSED,KNOWN
Spain_100,LAWFULNESS_FAIRNESS_TRANSPARENCY,DISCUSSED,KNOWN
Spain_97,LAWFULNESS_FAIRNESS_TRANSPARENCY,DISCUSSED,KNOWN
Spain_97,SECURITY,DISCUSSED,KNOWN
Spain_97,ACCOUNTABILITY,DISCUSSED,KNOWN
Spain_103,LAWFULNESS_FAIRNESS_TRANSPARENCY,DISCUSSED,KNOWN
Spain_102,NONE_VIOLATED,DISCUSSED,KNOWN
Spain_101,LAWFULNESS_FAIRNESS_TRANSPARENCY,DISCUSSED,KNOWN
Spain_107,LAWFULNESS_FAIRNESS_TRANSPARENCY,DISCUSSED,KNOWN
Spain_105,SECURITY,DISCUSSED,KNOWN
Spain_105,ACCOUNTABILITY,DISCUSSED,KNOWN
Spain_108,SECURITY,DISCUSSED,KNOWN
Spain_110,LAWFULNESS_FAIRNESS_TRANSPARENCY,DISCUSSED,KNOWN
Spain_109,NONE_VIOLATED,DISCUSSED,KNOWN
Spain_112,NONE_VIOLATED,DISCUSSED,KNOWN
Spain_116,SECURITY,DISCUSSED,KNOWN
Spain_117,SECURITY,DISCUSSED,KNOWN
Spain_115,SECURITY,DISCUSSED,KNOWN
Spain_114,LAWFULNESS_FAIRNESS_TRANSPARENCY,DISCUSSED,KNOWN
Spain_113,SECURITY,DISCUSSED,KNOWN
Spain_113,ACCOUNTABILITY,DISCUSSED,KNOWN
Spain_118,LAWFULNESS_FAIRNESS_TRANSPARENCY,DISCUSSED,KNOWN
Spain_121,LAWFULNESS_FAIRNESS_TRANSPARENCY,DISCUSSED,KNOWN
Spain_120,LAWFULNESS_FAIRNESS_TRANSPARENCY,DISCUSSED,KNOWN
Spain_122,SECURITY,DISCUSSED,KNOWN
Spain_124,DATA_MINIMISATION,DISCUSSED,KNOWN
Spain_126,LAWFULNESS_FAIRNESS_TRANSPARENCY,DISCUSSED,KNOWN
Spain_125,LAWFULNESS_FAIRNESS_TRANSPARENCY,DISCUSSED,KNOWN
Spain_127,LAWFULNESS_FAIRNESS_TRANSPARENCY,DISCUSSED,KNOWN
Spain_130,NONE_VIOLATED,DISCUSSED,KNOWN
Spain_129,LAWFULNESS_FAIRNESS_TRANSPARENCY,DISCUSSED,KNOWN
Spain_128,NONE_VIOLATED,DISCUSSED,KNOWN
Spain_131,SECURITY,DISCUSSED,KNOWN
Spain_134,SECURITY,DISCUSSED,KNOWN
Spain_134,ACCOUNTABILITY,DISCUSSED,KNOWN
Spain_137,INFORMATION_OBLIGATIONS,DISCUSSED,UNKNOWN
Spain_135,DATA_MINIMISATION,DISCUSSED,KNOWN
Spain_138,LAWFULNESS_FAIRNESS_TRANSPARENCY,DISCUSSED,KNOWN
Spain_138,SECURITY,DISCUSSED,KNOWN
Spain_139,SECURITY,DISCUSSED,KNOWN
Spain_141,NOT_DETERMINED,DISCUSSED,KNOWN
Spain_140,LAWFULNESS_FAIRNESS_TRANSPARENCY,DISCUSSED,KNOWN
Spain_140,SECURITY,DISCUSSED,KNOWN
Spain_140,ACCOUNTABILITY,DISCUSSED,KNOWN
Spain_142,LAWFULNESS_FAIRNESS_TRANSPARENCY,DISCUSSED,KNOWN
Spain_144,NONE_VIOLATED,DISCUSSED,KNOWN
Spain_146,LAWFULNESS_FAIRNESS_TRANSPARENCY,DISCUSSED,KNOWN
Spain_147,LAWFULNESS_FAIRNESS_TRANSPARENCY,DISCUSSED,KNOWN
Spain_149,LAWFULNESS_FAIRNESS_TRANSPARENCY,DISCUSSED,KNOWN
Spain_149,PURPOSE_LIMITATION,DISCUSSED,KNOWN
Spain_151,DATA_MINIMISATION,DISCUSSED,KNOWN
Spain_150,LAWFULNESS_FAIRNESS_TRANSPARENCY,DISCUSSED,KNOWN
Spain_150,SECURITY,DISCUSSED,KNOWN
Spain_150,ACCOUNTABILITY,DISCUSSED,KNOWN
Spain_152,LAWFULNESS_FAIRNESS_TRANSPARENCY,DISCUSSED,KNOWN
Spain_152,SECURITY,DISCUSSED,KNOWN
Spain_154,SECURITY,DISCUSSED,KNOWN
Spain_153,LAWFULNESS_FAIRNESS_TRANSPARENCY,DISCUSSED,KNOWN
Spain_153,PURPOSE_LIMITATION,DISCUSSED,KNOWN
Spain_153,DATA_MINIMISATION,DISCUSSED,KNOWN
Spain_153,SECURITY,DISCUSSED,KNOWN
Spain_153,ACCOUNTABILITY,DISCUSSED,KNOWN
Spain_155,LAWFULNESS_FAIRNESS_TRANSPARENCY,DISCUSSED,KNOWN
Spain_157,LAWFULNESS_FAIRNESS_TRANSPARENCY,DISCUSSED,KNOWN
Spain_157,PURPOSE_LIMITATION,DISCUSSED,KNOWN
Spain_157,DATA_MINIMISATION,DISCUSSED,KNOWN
Spain_157,SECURITY,DISCUSSED,KNOWN
Spain_157,ACCOUNTABILITY,DISCUSSED,KNOWN
Spain_160,LAWFULNESS_FAIRNESS_TRANSPARENCY,DISCUSSED,KNOWN
Spain_159,SECURITY,DISCUSSED,KNOWN
Spain_162,NONE_VIOLATED,DISCUSSED,KNOWN
Spain_161,LAWFULNESS_FAIRNESS_TRANSPARENCY,DISCUSSED,KNOWN
Spain_164,NONE_VIOLATED,DISCUSSED,KNOWN
Spain_165,STORAGE_LIMITATION,DISCUSSED,KNOWN
Spain_163,SECURITY,DISCUSSED,KNOWN
Spain_168,SECURITY,DISCUSSED,KNOWN
Spain_169,PURPOSE_LIMITATION,DISCUSSED,KNOWN
Spain_166,LAWFULNESS_FAIRNESS_TRANSPARENCY,DISCUSSED,KNOWN
Spain_166,ACCURACY,DISCUSSED,KNOWN
Spain_166,SECURITY,DISCUSSED,KNOWN
Spain_174,SECURITY,DISCUSSED,KNOWN
Spain_173,NONE_VIOLATED,DISCUSSED,KNOWN
Spain_172,LAWFULNESS_FAIRNESS_TRANSPARENCY,DISCUSSED,KNOWN
Spain_179,NONE_VIOLATED,DISCUSSED,KNOWN
Spain_178,LAWFULNESS_FAIRNESS_TRANSPARENCY,DISCUSSED,KNOWN
Spain_177,SECURITY,DISCUSSED,KNOWN
Spain_175,LAWFULNESS_FAIRNESS_TRANSPARENCY,DISCUSSED,KNOWN
Spain_181,LAWFULNESS_FAIRNESS_TRANSPARENCY,DISCUSSED,KNOWN
Spain_187,NONE_VIOLATED,DISCUSSED,KNOWN
Spain_180,DATA_MINIMISATION,DISCUSSED,KNOWN
Spain_182,SECURITY,DISCUSSED,KNOWN
Spain_186,NONE_VIOLATED,DISCUSSED,KNOWN
Spain_185,LAWFULNESS_FAIRNESS_TRANSPARENCY,DISCUSSED,KNOWN
Spain_188,ACCOUNTABILITY,DISCUSSED,KNOWN
Spain_189,SECURITY,DISCUSSED,KNOWN
Spain_189,ACCOUNTABILITY,DISCUSSED,KNOWN
Spain_183,SECURITY,DISCUSSED,KNOWN
Spain_183,ACCOUNTABILITY,DISCUSSED,KNOWN
Spain_190,NONE_VIOLATED,DISCUSSED,KNOWN
Spain_191,LAWFULNESS_FAIRNESS_TRANSPARENCY,DISCUSSED,KNOWN
Spain_194,DATA_MINIMISATION,DISCUSSED,KNOWN
Spain_192,ACCOUNTABILITY,DISCUSSED,KNOWN
Spain_193,LAWFULNESS_FAIRNESS_TRANSPARENCY,DISCUSSED,KNOWN
Spain_193,SECURITY,DISCUSSED,KNOWN
Spain_193,ACCOUNTABILITY,DISCUSSED,KNOWN
Spain_196,LAWFULNESS_FAIRNESS_TRANSPARENCY,DISCUSSED,KNOWN
Spain_195,DATA_MINIMISATION,DISCUSSED,KNOWN
Spain_200,SECURITY,DISCUSSED,KNOWN
Spain_199,LAWFULNESS_FAIRNESS_TRANSPARENCY,DISCUSSED,KNOWN
Spain_197,STORAGE_LIMITATION,DISCUSSED,KNOWN
Spain_198,SECURITY,DISCUSSED,KNOWN
Spain_198,ACCOUNTABILITY,DISCUSSED,KNOWN
Spain_202,NOT_DETERMINED,DISCUSSED,KNOWN
Spain_201,DATA_MINIMISATION,DISCUSSED,KNOWN
Spain_201,SECURITY,DISCUSSED,KNOWN
Spain_203,LAWFULNESS_FAIRNESS_TRANSPARENCY,DISCUSSED,KNOWN
Spain_206,LAWFULNESS_FAIRNESS_TRANSPARENCY,DISCUSSED,KNOWN
Spain_205,SECURITY,DISCUSSED,KNOWN
Spain_204,DATA_MINIMISATION,DISCUSSED,KNOWN
Spain_208,LAWFULNESS_FAIRNESS_TRANSPARENCY,DISCUSSED,KNOWN
Spain_207,PURPOSE_LIMITATION,DISCUSSED,KNOWN
Spain_207,DATA_MINIMISATION,DISCUSSED,KNOWN
Spain_207,SECURITY,DISCUSSED,KNOWN
Spain_207,ACCOUNTABILITY,DISCUSSED,KNOWN
Spain_209,DATA_MINIMISATION,DISCUSSED,KNOWN
Spain_210,LAWFULNESS_FAIRNESS_TRANSPARENCY,DISCUSSED,KNOWN
Spain_212,SECURITY,DISCUSSED,KNOWN
Spain_211,SECURITY,DISCUSSED,KNOWN
Spain_214,SECURITY,DISCUSSED,KNOWN
Spain_215,LAWFULNESS_FAIRNESS_TRANSPARENCY,DISCUSSED,KNOWN
Spain_219,NOT_DISCUSSED,DISCUSSED,UNKNOWN
Spain_216,DATA_MINIMISATION,DISCUSSED,KNOWN
Spain_217,LAWFULNESS_FAIRNESS_TRANSPARENCY,DISCUSSED,KNOWN
Spain_217,ACCURACY,DISCUSSED,KNOWN
Spain_217,ACCOUNTABILITY,DISCUSSED,KNOWN
Spain_220,LAWFULNESS_FAIRNESS_TRANSPARENCY,DISCUSSED,KNOWN
Spain_222,ACCURACY,DISCUSSED,KNOWN
Spain_225,DATA_MINIMISATION,DISCUSSED,KNOWN
Spain_228,SECURITY,DISCUSSED,KNOWN
Spain_227,DATA_MINIMISATION,DISCUSSED,KNOWN
Spain_230,DATA_MINIMISATION,DISCUSSED,KNOWN
Spain_231,ACCURACY,DISCUSSED,KNOWN
Spain_231,SECURITY,DISCUSSED,KNOWN
Spain_232,LAWFULNESS_FAIRNESS_TRANSPARENCY,DISCUSSED,KNOWN
Spain_235,SECURITY,DISCUSSED,KNOWN
Spain_237,SECURITY,DISCUSSED,KNOWN
Spain_240,NONE_VIOLATED,DISCUSSED,KNOWN
Spain_238,LAWFULNESS_FAIRNESS_TRANSPARENCY,DISCUSSED,KNOWN
Spain_238,PURPOSE_LIMITATION,DISCUSSED,KNOWN
Spain_238,DATA_MINIMISATION,DISCUSSED,KNOWN
Spain_238,STORAGE_LIMITATION,DISCUSSED,KNOWN
Spain_239,ACCOUNTABILITY,DISCUSSED,KNOWN
Spain_236,NONE_VIOLATED,DISCUSSED,KNOWN
Spain_243,DATA_MINIMISATION,DISCUSSED,KNOWN
Spain_244,NONE_VIOLATED,DISCUSSED,KNOWN
Spain_245,LAWFULNESS_FAIRNESS_TRANSPARENCY,DISCUSSED,KNOWN
Spain_247,LAWFULNESS_FAIRNESS_TRANSPARENCY,DISCUSSED,KNOWN
Spain_246,SECURITY,DISCUSSED,KNOWN
Spain_246,ACCOUNTABILITY,DISCUSSED,KNOWN
Spain_250,SECURITY,DISCUSSED,KNOWN
Spain_252,NONE_VIOLATED,DISCUSSED,KNOWN
Spain_254,SECURITY,DISCUSSED,KNOWN
Spain_255,LAWFULNESS_FAIRNESS_TRANSPARENCY,DISCUSSED,KNOWN
Spain_259,LAWFULNESS_FAIRNESS_TRANSPARENCY,DISCUSSED,KNOWN
Spain_256,SECURITY,DISCUSSED,KNOWN
Spain_256,ACCOUNTABILITY,DISCUSSED,KNOWN
Spain_262,SECURITY,DISCUSSED,KNOWN
Spain_264,SECURITY,DISCUSSED,KNOWN
Spain_264,ACCOUNTABILITY,DISCUSSED,KNOWN
Spain_265,LAWFULNESS_FAIRNESS_TRANSPARENCY,DISCUSSED,KNOWN
Spain_266,SECURITY,DISCUSSED,KNOWN
Spain_267,LAWFULNESS_FAIRNESS_TRANSPARENCY,DISCUSSED,KNOWN
Spain_268,SECURITY,DISCUSSED,KNOWN
Spain_268,ACCOUNTABILITY,DISCUSSED,KNOWN
Spain_272,LAWFULNESS_FAIRNESS_TRANSPARENCY,DISCUSSED,KNOWN
Spain_273,LAWFULNESS_FAIRNESS_TRANSPARENCY,DISCUSSED,KNOWN
Spain_273,SECURITY,DISCUSSED,KNOWN
Spain_275,ACCOUNTABILITY,DISCUSSED,KNOWN
Spain_276,LAWFULNESS_FAIRNESS_TRANSPARENCY,DISCUSSED,KNOWN
Spain_279,SECURITY,DISCUSSED,KNOWN
Spain_282,SECURITY,DISCUSSED,KNOWN
Spain_277,PURPOSE_LIMITATION,DISCUSSED,KNOWN
Spain_277,DATA_MINIMISATION,DISCUSSED,KNOWN
Spain_277,SECURITY,DISCUSSED,KNOWN
Spain_277,ACCOUNTABILITY,DISCUSSED,KNOWN
Spain_288,LAWFULNESS_FAIRNESS_TRANSPARENCY,DISCUSSED,KNOWN
Spain_289,LAWFULNESS_FAIRNESS_TRANSPARENCY,DISCUSSED,KNOWN
Spain_283,LAWFULNESS_FAIRNESS_TRANSPARENCY,DISCUSSED,KNOWN
Spain_283,SECURITY,DISCUSSED,KNOWN
Spain_283,ACCOUNTABILITY,DISCUSSED,KNOWN
Spain_287,SECURITY,DISCUSSED,KNOWN
Spain_296,LAWFULNESS_FAIRNESS_TRANSPARENCY,DISCUSSED,KNOWN
Spain_290,LAWFULNESS_FAIRNESS_TRANSPARENCY,DISCUSSED,KNOWN
Spain_297,PURPOSE_LIMITATION,DISCUSSED,KNOWN
Spain_297,STORAGE_LIMITATION,DISCUSSED,KNOWN
Spain_291,DATA_MINIMISATION,DISCUSSED,KNOWN
Spain_292,LAWFULNESS_FAIRNESS_TRANSPARENCY,DISCUSSED,KNOWN
Spain_294,LAWFULNESS_FAIRNESS_TRANSPARENCY,DISCUSSED,KNOWN
Spain_293,LAWFULNESS_FAIRNESS_TRANSPARENCY,DISCUSSED,KNOWN
Spain_293,PURPOSE_LIMITATION,DISCUSSED,KNOWN
Spain_298,NONE_VIOLATED,DISCUSSED,KNOWN
Spain_300,LAWFULNESS_FAIRNESS_TRANSPARENCY,DISCUSSED,KNOWN
Spain_299,LAWFULNESS_FAIRNESS_TRANSPARENCY,DISCUSSED,KNOWN
Spain_303,LAWFULNESS_FAIRNESS_TRANSPARENCY,DISCUSSED,KNOWN
Spain_302,DATA_MINIMISATION,DISCUSSED,KNOWN
Spain_304,SECURITY,DISCUSSED,KNOWN
Spain_305,NONE_VIOLATED,DISCUSSED,KNOWN
Spain_309,PURPOSE_LIMITATION,DISCUSSED,KNOWN
Spain_309,SECURITY,DISCUSSED,KNOWN
Spain_309,ACCOUNTABILITY,DISCUSSED,KNOWN
Spain_306,NONE_VIOLATED,DISCUSSED,KNOWN
Spain_312,NONE_VIOLATED,DISCUSSED,KNOWN
Spain_307,LAWFULNESS_FAIRNESS_TRANSPARENCY,DISCUSSED,KNOWN
Spain_313,NONE_VIOLATED,DISCUSSED,KNOWN
Spain_314,SECURITY,DISCUSSED,KNOWN
Spain_315,LAWFULNESS_FAIRNESS_TRANSPARENCY,DISCUSSED,KNOWN
Spain_320,LAWFULNESS_FAIRNESS_TRANSPARENCY,DISCUSSED,KNOWN
Spain_318,SECURITY,DISCUSSED,KNOWN
Spain_317,LAWFULNESS_FAIRNESS_TRANSPARENCY,DISCUSSED,KNOWN
Spain_317,PURPOSE_LIMITATION,DISCUSSED,KNOWN
Spain_319,LAWFULNESS_FAIRNESS_TRANSPARENCY,DISCUSSED,KNOWN
Spain_321,LAWFULNESS_FAIRNESS_TRANSPARENCY,DISCUSSED,KNOWN
Spain_323,LAWFULNESS_FAIRNESS_TRANSPARENCY,DISCUSSED,KNOWN
Spain_325,LAWFULNESS_FAIRNESS_TRANSPARENCY,DISCUSSED,KNOWN
Spain_324,LAWFULNESS_FAIRNESS_TRANSPARENCY,DISCUSSED,KNOWN
Spain_324,SECURITY,DISCUSSED,KNOWN
Spain_326,LAWFULNESS_FAIRNESS_TRANSPARENCY,DISCUSSED,KNOWN
Spain_326,PURPOSE_LIMITATION,DISCUSSED,KNOWN
Spain_326,DATA_MINIMISATION,DISCUSSED,KNOWN
Spain_326,SECURITY,DISCUSSED,KNOWN
Spain_326,ACCOUNTABILITY,DISCUSSED,KNOWN
Spain_328,LAWFULNESS_FAIRNESS_TRANSPARENCY,DISCUSSED,KNOWN
Spain_332,SECURITY,DISCUSSED,KNOWN
Spain_331,NONE_VIOLATED,DISCUSSED,KNOWN
Spain_335,LAWFULNESS_FAIRNESS_TRANSPARENCY,DISCUSSED,KNOWN
Spain_335,SECURITY,DISCUSSED,KNOWN
Spain_336,LAWFULNESS_FAIRNESS_TRANSPARENCY,DISCUSSED,KNOWN
Spain_340,ACCURACY,DISCUSSED,KNOWN
Spain_337,LAWFULNESS_FAIRNESS_TRANSPARENCY,DISCUSSED,KNOWN
Spain_342,LAWFULNESS_FAIRNESS_TRANSPARENCY,DISCUSSED,KNOWN
Spain_342,PURPOSE_LIMITATION,DISCUSSED,KNOWN
Spain_343,LAWFULNESS_FAIRNESS_TRANSPARENCY,DISCUSSED,KNOWN
Spain_344,SECURITY,DISCUSSED,KNOWN
Spain_349,SECURITY,DISCUSSED,KNOWN
Spain_350,NONE_VIOLATED,DISCUSSED,KNOWN
Spain_348,ACCOUNTABILITY,DISCUSSED,KNOWN
Spain_351,STORAGE_LIMITATION,DISCUSSED,KNOWN
Spain_351,SECURITY,DISCUSSED,KNOWN
Spain_351,ACCOUNTABILITY,DISCUSSED,KNOWN
Spain_352,LAWFULNESS_FAIRNESS_TRANSPARENCY,DISCUSSED,KNOWN
Spain_353,LAWFULNESS_FAIRNESS_TRANSPARENCY,DISCUSSED,KNOWN
Spain_354,ACCURACY,DISCUSSED,KNOWN
Spain_356,LAWFULNESS_FAIRNESS_TRANSPARENCY,DISCUSSED,KNOWN
Spain_360,NONE_VIOLATED,DISCUSSED,KNOWN
Spain_359,SECURITY,DISCUSSED,KNOWN
Spain_362,LAWFULNESS_FAIRNESS_TRANSPARENCY,DISCUSSED,KNOWN
Spain_361,LAWFULNESS_FAIRNESS_TRANSPARENCY,DISCUSSED,KNOWN
Spain_364,SECURITY,DISCUSSED,KNOWN
Spain_364,ACCOUNTABILITY,DISCUSSED,KNOWN
Spain_367,SECURITY,DISCUSSED,KNOWN
Spain_366,SECURITY,DISCUSSED,KNOWN
Spain_370,NONE_VIOLATED,DISCUSSED,KNOWN
Spain_369,SECURITY,DISCUSSED,KNOWN
Spain_371,LAWFULNESS_FAIRNESS_TRANSPARENCY,DISCUSSED,KNOWN
Spain_372,SECURITY,DISCUSSED,KNOWN
Spain_373,DATA_MINIMISATION,DISCUSSED,KNOWN
Spain_375,DATA_MINIMISATION,DISCUSSED,KNOWN
Spain_374,DATA_MINIMISATION,DISCUSSED,KNOWN
Spain_376,LAWFULNESS_FAIRNESS_TRANSPARENCY,DISCUSSED,KNOWN
Spain_378,PURPOSE_LIMITATION,DISCUSSED,KNOWN
Spain_378,DATA_MINIMISATION,DISCUSSED,KNOWN
Spain_377,LAWFULNESS_FAIRNESS_TRANSPARENCY,DISCUSSED,KNOWN
Spain_379,NOT_DETERMINED,DISCUSSED,KNOWN
Spain_381,SECURITY,DISCUSSED,KNOWN
Spain_380,LAWFULNESS_FAIRNESS_TRANSPARENCY,DISCUSSED,KNOWN
Spain_382,LAWFULNESS_FAIRNESS_TRANSPARENCY,DISCUSSED,KNOWN
Spain_382,SECURITY,DISCUSSED,KNOWN
Spain_383,LAWFULNESS_FAIRNESS_TRANSPARENCY,DISCUSSED,KNOWN
Spain_384,LAWFULNESS_FAIRNESS_TRANSPARENCY,DISCUSSED,KNOWN
Spain_387,LAWFULNESS_FAIRNESS_TRANSPARENCY,DISCUSSED,KNOWN
Spain_387,PURPOSE_LIMITATION,DISCUSSED,KNOWN
Spain_389,SECURITY,DISCUSSED,KNOWN
Spain_388,LAWFULNESS_FAIRNESS_TRANSPARENCY,DISCUSSED,KNOWN
Spain_391,DATA_MINIMISATION,DISCUSSED,KNOWN
Spain_390,LAWFULNESS_FAIRNESS_TRANSPARENCY,DISCUSSED,KNOWN
Spain_392,ACCURACY,DISCUSSED,KNOWN
Spain_393,ACCURACY,DISCUSSED,KNOWN
Spain_394,LAWFULNESS_FAIRNESS_TRANSPARENCY,DISCUSSED,KNOWN
Spain_396,DATA_MINIMISATION,DISCUSSED,KNOWN
Spain_397,LAWFULNESS_FAIRNESS_TRANSPARENCY,DISCUSSED,KNOWN
Spain_398,LAWFULNESS_FAIRNESS_TRANSPARENCY,DISCUSSED,KNOWN
Spain_406,NO,DISCUSSED,UNKNOWN
Spain_401,LAWFULNESS_FAIRNESS_TRANSPARENCY,DISCUSSED,KNOWN
Spain_401,PURPOSE_LIMITATION,DISCUSSED,KNOWN
Spain_401,DATA_MINIMISATION,DISCUSSED,KNOWN
Spain_401,SECURITY,DISCUSSED,KNOWN
Spain_401,ACCOUNTABILITY,DISCUSSED,KNOWN
Spain_402,LAWFULNESS_FAIRNESS_TRANSPARENCY,DISCUSSED,KNOWN
Spain_399,PURPOSE_LIMITATION,DISCUSSED,KNOWN
Spain_399,DATA_MINIMISATION,DISCUSSED,KNOWN
Spain_399,SECURITY,DISCUSSED,KNOWN
Spain_399,ACCOUNTABILITY,DISCUSSED,KNOWN
Spain_405,SECURITY,DISCUSSED,KNOWN
Spain_405,ACCOUNTABILITY,DISCUSSED,KNOWN
Spain_404,LAWFULNESS_FAIRNESS_TRANSPARENCY,DISCUSSED,KNOWN
Spain_404,SECURITY,DISCUSSED,KNOWN
Spain_404,ACCOUNTABILITY,DISCUSSED,KNOWN
Spain_408,LAWFULNESS_FAIRNESS_TRANSPARENCY,DISCUSSED,KNOWN
Spain_410,SECURITY,DISCUSSED,KNOWN
Spain_411,LAWFULNESS_FAIRNESS_TRANSPARENCY,DISCUSSED,KNOWN
Spain_411,PURPOSE_LIMITATION,DISCUSSED,KNOWN
Spain_417,SECURITY,DISCUSSED,KNOWN
Spain_412,PURPOSE_LIMITATION,DISCUSSED,KNOWN
Spain_415,ACCOUNTABILITY,DISCUSSED,KNOWN
Spain_418,NONE_VIOLATED,DISCUSSED,KNOWN
Spain_420,LAWFULNESS_FAIRNESS_TRANSPARENCY,DISCUSSED,KNOWN
Spain_422,LAWFULNESS_FAIRNESS_TRANSPARENCY,DISCUSSED,KNOWN
Spain_424,LAWFULNESS_FAIRNESS_TRANSPARENCY,DISCUSSED,KNOWN
Spain_426,SECURITY,DISCUSSED,KNOWN
Spain_426,ACCOUNTABILITY,DISCUSSED,KNOWN
Spain_425,LAWFULNESS_FAIRNESS_TRANSPARENCY,DISCUSSED,KNOWN
Spain_428,LAWFULNESS_FAIRNESS_TRANSPARENCY,DISCUSSED,KNOWN
Spain_429,SECURITY,DISCUSSED,KNOWN
Spain_430,SECURITY,DISCUSSED,KNOWN
Spain_431,DATA_MINIMISATION,DISCUSSED,KNOWN
Spain_432,DATA_MINIMISATION,DISCUSSED,KNOWN
Spain_433,NONE_VIOLATED,DISCUSSED,KNOWN
Spain_436,SECURITY,DISCUSSED,KNOWN
Spain_434,SECURITY,DISCUSSED,KNOWN
Spain_438,LAWFULNESS_FAIRNESS_TRANSPARENCY,DISCUSSED,KNOWN
Spain_440,LAWFULNESS_FAIRNESS_TRANSPARENCY,DISCUSSED,KNOWN
Spain_440,SECURITY,DISCUSSED,KNOWN
Spain_437,NONE_VIOLATED,DISCUSSED,KNOWN
Spain_441,SECURITY,DISCUSSED,KNOWN
Spain_439,LAWFULNESS_FAIRNESS_TRANSPARENCY,DISCUSSED,KNOWN
Spain_443,LAWFULNESS_FAIRNESS_TRANSPARENCY,DISCUSSED,KNOWN
Spain_443,ACCOUNTABILITY,DISCUSSED,KNOWN
Spain_442,SECURITY,DISCUSSED,KNOWN
Spain_442,ACCOUNTABILITY,DISCUSSED,KNOWN
Spain_446,NONE_VIOLATED,DISCUSSED,KNOWN
Spain_444,SECURITY,DISCUSSED,KNOWN
Spain_445,LAWFULNESS_FAIRNESS_TRANSPARENCY,DISCUSSED,KNOWN
Spain_449,NONE_VIOLATED,DISCUSSED,KNOWN
Spain_452,DATA_MINIMISATION,DISCUSSED,KNOWN
Spain_453,LAWFULNESS_FAIRNESS_TRANSPARENCY,DISCUSSED,KNOWN
Spain_455,DATA_MINIMISATION,DISCUSSED,KNOWN
Spain_457,LAWFULNESS_FAIRNESS_TRANSPARENCY,DISCUSSED,KNOWN
Spain_459,LAWFULNESS_FAIRNESS_TRANSPARENCY,DISCUSSED,KNOWN
Spain_461,SECURITY,DISCUSSED,KNOWN
Spain_466,ACCOUNTABILITY,DISCUSSED,KNOWN
Spain_467,NONE_VIOLATED,DISCUSSED,KNOWN
Spain_463,NONE_VIOLATED,DISCUSSED,KNOWN
Spain_462,LAWFULNESS_FAIRNESS_TRANSPARENCY,DISCUSSED,KNOWN
Spain_462,SECURITY,DISCUSSED,KNOWN
Spain_462,ACCOUNTABILITY,DISCUSSED,KNOWN
Spain_464,SECURITY,DISCUSSED,KNOWN
Spain_469,DATA_MINIMISATION,DISCUSSED,KNOWN
Spain_471,NONE_VIOLATED,DISCUSSED,KNOWN
Spain_470,LAWFULNESS_FAIRNESS_TRANSPARENCY,DISCUSSED,KNOWN
Spain_468,ACCOUNTABILITY,DISCUSSED,KNOWN
Spain_479,LAWFULNESS_FAIRNESS_TRANSPARENCY,DISCUSSED,KNOWN
Spain_472,LAWFULNESS_FAIRNESS_TRANSPARENCY,DISCUSSED,KNOWN
Spain_473,LAWFULNESS_FAIRNESS_TRANSPARENCY,DISCUSSED,KNOWN
Spain_476,NONE_VIOLATED,DISCUSSED,KNOWN
Spain_474,SECURITY,DISCUSSED,KNOWN
Spain_478,NONE_VIOLATED,DISCUSSED,KNOWN
Spain_482,NONE_VIOLATED,DISCUSSED,KNOWN
Spain_481,LAWFULNESS_FAIRNESS_TRANSPARENCY,DISCUSSED,KNOWN
Spain_485,LAWFULNESS_FAIRNESS_TRANSPARENCY,DISCUSSED,KNOWN
Spain_486,SECURITY,DISCUSSED,KNOWN
Spain_490,NONE_VIOLATED,DISCUSSED,KNOWN
Spain_492,DATA_MINIMISATION,DISCUSSED,KNOWN
Spain_491,LAWFULNESS_FAIRNESS_TRANSPARENCY,DISCUSSED,KNOWN
Spain_491,PURPOSE_LIMITATION,DISCUSSED,KNOWN
Spain_493,SECURITY,DISCUSSED,KNOWN
Spain_493,ACCOUNTABILITY,DISCUSSED,KNOWN
Spain_494,LAWFULNESS_FAIRNESS_TRANSPARENCY,DISCUSSED,KNOWN
Spain_496,LAWFULNESS_FAIRNESS_TRANSPARENCY,DISCUSSED,KNOWN
Spain_496,PURPOSE_LIMITATION,DISCUSSED,KNOWN
Spain_496,SECURITY,DISCUSSED,KNOWN
Spain_495,SECURITY,DISCUSSED,KNOWN
Spain_497,LAWFULNESS_FAIRNESS_TRANSPARENCY,DISCUSSED,KNOWN
Spain_498,SECURITY,DISCUSSED,KNOWN
Spain_499,SECURITY,DISCUSSED,KNOWN
Spain_501,NONE_VIOLATED,DISCUSSED,KNOWN
Spain_500,LAWFULNESS_FAIRNESS_TRANSPARENCY,DISCUSSED,KNOWN
Spain_503,SECURITY,DISCUSSED,KNOWN
Spain_506,SECURITY,DISCUSSED,KNOWN
Spain_502,PURPOSE_LIMITATION,DISCUSSED,KNOWN
Spain_502,SECURITY,DISCUSSED,KNOWN
Spain_502,ACCOUNTABILITY,DISCUSSED,KNOWN
Spain_504,SECURITY,DISCUSSED,KNOWN
Spain_509,LAWFULNESS_FAIRNESS_TRANSPARENCY,DISCUSSED,KNOWN
Spain_507,DATA_MINIMISATION,DISCUSSED,KNOWN
Spain_508,DATA_MINIMISATION,DISCUSSED,KNOWN
Spain_515,LAWFULNESS_FAIRNESS_TRANSPARENCY,DISCUSSED,KNOWN
Spain_516,NONE_VIOLATED,DISCUSSED,KNOWN
Spain_522,NONE_VIOLATED,DISCUSSED,KNOWN
Spain_518,DATA_MINIMISATION,DISCUSSED,KNOWN
Spain_524,NONE_VIOLATED,DISCUSSED,KNOWN
Spain_525,NONE_VIOLATED,DISCUSSED,KNOWN
Spain_521,LAWFULNESS_FAIRNESS_TRANSPARENCY,DISCUSSED,KNOWN
Spain_520,ACCURACY,DISCUSSED,KNOWN
Spain_520,SECURITY,DISCUSSED,KNOWN
Spain_526,LAWFULNESS_FAIRNESS_TRANSPARENCY,DISCUSSED,KNOWN
Spain_527,SECURITY,DISCUSSED,KNOWN
Spain_536,NONE_VIOLATED,DISCUSSED,KNOWN
Spain_533,LAWFULNESS_FAIRNESS_TRANSPARENCY,DISCUSSED,KNOWN
Spain_530,LAWFULNESS_FAIRNESS_TRANSPARENCY,DISCUSSED,KNOWN
Spain_534,NONE_VIOLATED,DISCUSSED,KNOWN
Spain_535,LAWFULNESS_FAIRNESS_TRANSPARENCY,DISCUSSED,KNOWN
Spain_539,ACCOUNTABILITY,DISCUSSED,KNOWN
Spain_542,SECURITY,DISCUSSED,KNOWN
Spain_542,ACCOUNTABILITY,DISCUSSED,KNOWN
Spain_544,PURPOSE_LIMITATION,DISCUSSED,KNOWN
Spain_547,LAWFULNESS_FAIRNESS_TRANSPARENCY,DISCUSSED,KNOWN
Spain_549,SECURITY,DISCUSSED,KNOWN
Spain_552,LAWFULNESS_FAIRNESS_TRANSPARENCY,DISCUSSED,KNOWN
Spain_552,ACCURACY,DISCUSSED,KNOWN
Spain_558,PURPOSE_LIMITATION,DISCUSSED,KNOWN
Spain_558,DATA_MINIMISATION,DISCUSSED,KNOWN
Spain_558,SECURITY,DISCUSSED,KNOWN
Spain_558,ACCOUNTABILITY,DISCUSSED,KNOWN
Spain_553,NONE_VIOLATED,DISCUSSED,KNOWN
Spain_556,LAWFULNESS_FAIRNESS_TRANSPARENCY,DISCUSSED,KNOWN
Spain_559,DATA_MINIMISATION,DISCUSSED,KNOWN
Spain_557,SECURITY,DISCUSSED,KNOWN
Spain_563,LAWFULNESS_FAIRNESS_TRANSPARENCY,DISCUSSED,KNOWN
Spain_560,PURPOSE_LIMITATION,DISCUSSED,KNOWN
Spain_560,SECURITY,DISCUSSED,KNOWN
Spain_564,LAWFULNESS_FAIRNESS_TRANSPARENCY,DISCUSSED,KNOWN
Spain_564,SECURITY,DISCUSSED,KNOWN
Spain_564,ACCOUNTABILITY,DISCUSSED,KNOWN
Spain_568,LAWFULNESS_FAIRNESS_TRANSPARENCY,DISCUSSED,KNOWN
Spain_566,DATA_MINIMISATION,DISCUSSED,KNOWN
Spain_575,SECURITY,DISCUSSED,KNOWN
Spain_572,NOT_DISCUSSED,DISCUSSED,UNKNOWN
Spain_570,LAWFULNESS_FAIRNESS_TRANSPARENCY,DISCUSSED,KNOWN
Spain_571,SECURITY,DISCUSSED,KNOWN
Spain_573,SECURITY,DISCUSSED,KNOWN
Spain_573,ACCOUNTABILITY,DISCUSSED,KNOWN
Spain_574,SECURITY,DISCUSSED,KNOWN
Spain_578,NOT_DETERMINED,DISCUSSED,KNOWN
Spain_581,LAWFULNESS_FAIRNESS_TRANSPARENCY,DISCUSSED,KNOWN
Spain_582,LAWFULNESS_FAIRNESS_TRANSPARENCY,DISCUSSED,KNOWN
Spain_580,ACCOUNTABILITY,DISCUSSED,KNOWN
Spain_583,LAWFULNESS_FAIRNESS_TRANSPARENCY,DISCUSSED,KNOWN
Spain_584,NONE_VIOLATED,DISCUSSED,KNOWN
Spain_590,NONE_VIOLATED,DISCUSSED,KNOWN
Spain_585,ACCOUNTABILITY,DISCUSSED,KNOWN
Spain_587,NONE_VIOLATED,DISCUSSED,KNOWN
Spain_592,ACCOUNTABILITY,DISCUSSED,KNOWN
Spain_593,NONE_VIOLATED,DISCUSSED,KNOWN
Spain_595,STORAGE_LIMITATION,DISCUSSED,KNOWN
Spain_596,NONE_VIOLATED,DISCUSSED,KNOWN
Spain_597,NONE_VIOLATED,DISCUSSED,KNOWN
Spain_598,NONE_VIOLATED,DISCUSSED,KNOWN
Spain_599,NOT_DETERMINED,DISCUSSED,KNOWN
Spain_600,SECURITY,DISCUSSED,KNOWN
Spain_600,ACCOUNTABILITY,DISCUSSED,KNOWN
Spain_605,NONE_VIOLATED,DISCUSSED,KNOWN
Spain_603,NONE_VIOLATED,DISCUSSED,KNOWN
Spain_602,NONE_VIOLATED,DISCUSSED,KNOWN
Spain_604,NONE_VIOLATED,DISCUSSED,KNOWN
Spain_606,SECURITY,DISCUSSED,KNOWN
Spain_607,SECURITY,DISCUSSED,KNOWN
Spain_607,ACCOUNTABILITY,DISCUSSED,KNOWN
Spain_611,ACCESS,DISCUSSED,UNKNOWN
Spain_612,NONE_VIOLATED,DISCUSSED,KNOWN
Spain_615,NOT_DETERMINED,DISCUSSED,KNOWN
Spain_614,SECURITY,DISCUSSED,KNOWN
Spain_616,LAWFULNESS_FAIRNESS_TRANSPARENCY,DISCUSSED,KNOWN
Spain_617,NONE_VIOLATED,DISCUSSED,KNOWN
Spain_619,NONE_VIOLATED,DISCUSSED,KNOWN
Spain_621,LAWFULNESS_FAIRNESS_TRANSPARENCY,DISCUSSED,KNOWN
Spain_620,LAWFULNESS_FAIRNESS_TRANSPARENCY,DISCUSSED,KNOWN
Spain_620,SECURITY,DISCUSSED,KNOWN
Spain_624,LAWFULNESS_FAIRNESS_TRANSPARENCY,DISCUSSED,KNOWN
Spain_624,SECURITY,DISCUSSED,KNOWN
Spain_624,ACCOUNTABILITY,DISCUSSED,KNOWN
Spain_630,NONE_VIOLATED,DISCUSSED,KNOWN
Spain_625,SECURITY,DISCUSSED,KNOWN
Spain_618,PURPOSE_LIMITATION,DISCUSSED,KNOWN
Spain_618,SECURITY,DISCUSSED,KNOWN
Spain_618,ACCOUNTABILITY,DISCUSSED,KNOWN
Slovenia_1,PURPOSE_LIMITATION,DISCUSSED,KNOWN
Slovenia_1,DATA_MINIMISATION,DISCUSSED,KNOWN
Slovenia_3,DATA_MINIMISATION,DISCUSSED,KNOWN
Slovenia_3,SECURITY,DISCUSSED,KNOWN
Spain_627,SECURITY,DISCUSSED,KNOWN
Spain_626,SECURITY,DISCUSSED,KNOWN
Spain_628,LAWFULNESS_FAIRNESS_TRANSPARENCY,DISCUSSED,KNOWN
Spain_629,LAWFULNESS_FAIRNESS_TRANSPARENCY,DISCUSSED,KNOWN
Slovenia_5,NOT_DETERMINED,DISCUSSED,KNOWN
Slovenia_8,NOT_DETERMINED,DISCUSSED,KNOWN
Slovenia_7,NONE_VIOLATED,DISCUSSED,KNOWN
Slovenia_12,NONE_VIOLATED,DISCUSSED,KNOWN
Slovenia_14,NONE_VIOLATED,DISCUSSED,KNOWN
Slovenia_18,NONE_VIOLATED,DISCUSSED,KNOWN
Slovenia_16,NOT_DETERMINED,DISCUSSED,KNOWN
Slovenia_15,NONE_VIOLATED,DISCUSSED,KNOWN
Slovenia_17,NONE_VIOLATED,DISCUSSED,KNOWN
Slovenia_21,NOT_DETERMINED,DISCUSSED,KNOWN
Slovenia_20,NOT_DETERMINED,DISCUSSED,KNOWN
Slovenia_24,NOT_DETERMINED,DISCUSSED,KNOWN
Slovenia_25,NOT_DETERMINED,DISCUSSED,KNOWN
Slovenia_34,LAWFULNESS_FAIRNESS_TRANSPARENCY,DISCUSSED,KNOWN
Slovenia_34,PURPOSE_LIMITATION,DISCUSSED,KNOWN
Slovenia_34,DATA_MINIMISATION,DISCUSSED,KNOWN
Slovenia_28,NOT_DETERMINED,DISCUSSED,KNOWN
Slovenia_29,NOT_DETERMINED,DISCUSSED,KNOWN
Slovenia_30,NONE_VIOLATED,DISCUSSED,KNOWN
Slovenia_31,NOT_DETERMINED,DISCUSSED,KNOWN
Slovenia_33,NOT_DETERMINED,DISCUSSED,KNOWN
Slovenia_35,NOT_DETERMINED,DISCUSSED,KNOWN
Slovenia_37,NOT_DETERMINED,DISCUSSED,KNOWN
Slovenia_38,NOT_DETERMINED,DISCUSSED,KNOWN
Slovenia_41,NONE_VIOLATED,DISCUSSED,KNOWN
Slovenia_42,NONE_VIOLATED,DISCUSSED,KNOWN
Slovenia_43,PURPOSE_LIMITATION,DISCUSSED,KNOWN
Slovenia_43,DATA_MINIMISATION,DISCUSSED,KNOWN
Slovenia_44,NOT_DETERMINED,DISCUSSED,KNOWN
Slovenia_45,NONE_VIOLATED,DISCUSSED,KNOWN
Slovenia_46,NONE_VIOLATED,DISCUSSED,KNOWN
Slovenia_47,NONE_VIOLATED,DISCUSSED,KNOWN
Slovenia_50,LAWFULNESS_FAIRNESS_TRANSPARENCY,DISCUSSED,KNOWN
Slovenia_50,PURPOSE_LIMITATION,DISCUSSED,KNOWN
Slovenia_56,NOT_DISCUSSED,DISCUSSED,UNKNOWN
Slovenia_54,STORAGE_LIMITATION,DISCUSSED,KNOWN
Slovenia_54,SECURITY,DISCUSSED,KNOWN
Slovenia_54,ACCOUNTABILITY,DISCUSSED,KNOWN
Slovenia_58,PURPOSE_LIMITATION,DISCUSSED,KNOWN
Slovenia_65,DATA_MINIMISATION,DISCUSSED,KNOWN
Slovenia_64,PURPOSE_LIMITATION,DISCUSSED,KNOWN
Slovenia_64,DATA_MINIMISATION,DISCUSSED,KNOWN
Slovenia_66,PURPOSE_LIMITATION,DISCUSSED,KNOWN
Slovenia_66,DATA_MINIMISATION,DISCUSSED,KNOWN
Slovenia_75,NOT_DETERMINED,DISCUSSED,KNOWN
Slovenia_76,NOT_DISCUSSED,DISCUSSED,UNKNOWN
Slovakia_1,NONE_VIOLATED,DISCUSSED,KNOWN
Romania_1,LAWFULNESS_FAIRNESS_TRANSPARENCY,DISCUSSED,KNOWN
Romania_11,LAWFULNESS_FAIRNESS_TRANSPARENCY,DISCUSSED,KNOWN
Romania_10,PURPOSE_LIMITATION,DISCUSSED,KNOWN
Romania_13,ACCOUNTABILITY,DISCUSSED,KNOWN
Romania_13,SECURITY,DISCUSSED,KNOWN
Romania_14,ACCOUNTABILITY,DISCUSSED,KNOWN
Romania_16,PURPOSE_LIMITATION,DISCUSSED,KNOWN
Romania_17,SECURITY,DISCUSSED,KNOWN
Romania_19,SECURITY,DISCUSSED,KNOWN
Romania_18,PURPOSE_LIMITATION,DISCUSSED,KNOWN
Romania_18,DATA_MINIMISATION,DISCUSSED,KNOWN
Romania_18,STORAGE_LIMITATION,DISCUSSED,KNOWN
Romania_18,ACCOUNTABILITY,DISCUSSED,KNOWN
Romania_26,ACCOUNTABILITY,DISCUSSED,KNOWN
Romania_25,SECURITY,DISCUSSED,KNOWN
Romania_28,SECURITY,DISCUSSED,KNOWN
Romania_29,SECURITY,DISCUSSED,KNOWN
Romania_30,ACCOUNTABILITY,DISCUSSED,KNOWN
Romania_34,PURPOSE_LIMITATION,DISCUSSED,KNOWN
Romania_34,DATA_MINIMISATION,DISCUSSED,KNOWN
Romania_34,SECURITY,DISCUSSED,KNOWN
Romania_34,ACCOUNTABILITY,DISCUSSED,KNOWN
Romania_36,SECURITY,DISCUSSED,KNOWN
Romania_32,SECURITY,DISCUSSED,KNOWN
Romania_31,DATA_MINIMISATION,DISCUSSED,KNOWN
Romania_31,STORAGE_LIMITATION,DISCUSSED,KNOWN
Romania_31,ACCOUNTABILITY,DISCUSSED,KNOWN
Romania_41,PURPOSE_LIMITATION,DISCUSSED,KNOWN
Romania_41,DATA_MINIMISATION,DISCUSSED,KNOWN
Romania_41,SECURITY,DISCUSSED,KNOWN
Romania_41,ACCOUNTABILITY,DISCUSSED,KNOWN
Romania_45,NONE_VIOLATED,DISCUSSED,KNOWN
Romania_48,SECURITY,DISCUSSED,KNOWN
Romania_49,SECURITY,DISCUSSED,KNOWN
Romania_50,LAWFULNESS_FAIRNESS_TRANSPARENCY,DISCUSSED,KNOWN
Romania_50,PURPOSE_LIMITATION,DISCUSSED,KNOWN
Romania_50,ACCOUNTABILITY,DISCUSSED,KNOWN
Romania_46,SECURITY,DISCUSSED,KNOWN
Romania_46,ACCOUNTABILITY,DISCUSSED,KNOWN
Romania_52,LAWFULNESS_FAIRNESS_TRANSPARENCY,DISCUSSED,KNOWN
Romania_51,NOT_DETERMINED,DISCUSSED,KNOWN
Romania_53,SECURITY,DISCUSSED,KNOWN
Romania_56,PURPOSE_LIMITATION,DISCUSSED,KNOWN
Romania_56,DATA_MINIMISATION,DISCUSSED,KNOWN
Romania_56,STORAGE_LIMITATION,DISCUSSED,KNOWN
Romania_56,ACCOUNTABILITY,DISCUSSED,KNOWN
Romania_58,LAWFULNESS_FAIRNESS_TRANSPARENCY,DISCUSSED,KNOWN
Romania_58,ACCURACY,DISCUSSED,KNOWN
Romania_58,ACCOUNTABILITY,DISCUSSED,KNOWN
Romania_67,PURPOSE_LIMITATION,DISCUSSED,KNOWN
Romania_67,SECURITY,DISCUSSED,KNOWN
Romania_67,ACCOUNTABILITY,DISCUSSED,KNOWN
Romania_69,SECURITY,DISCUSSED,KNOWN
Romania_69,ACCOUNTABILITY,DISCUSSED,KNOWN
Romania_70,PURPOSE_LIMITATION,DISCUSSED,KNOWN
Romania_70,DATA_MINIMISATION,DISCUSSED,KNOWN
Romania_70,SECURITY,DISCUSSED,KNOWN
Romania_70,ACCOUNTABILITY,DISCUSSED,KNOWN
Romania_72,SECURITY,DISCUSSED,KNOWN
Romania_74,LAWFULNESS_FAIRNESS_TRANSPARENCY,DISCUSSED,KNOWN
Romania_79,PURPOSE_LIMITATION,DISCUSSED,KNOWN
Romania_76,PURPOSE_LIMITATION,DISCUSSED,KNOWN
Romania_76,DATA_MINIMISATION,DISCUSSED,KNOWN
Romania_76,STORAGE_LIMITATION,DISCUSSED,KNOWN
Romania_76,ACCOUNTABILITY,DISCUSSED,KNOWN
Romania_78,SECURITY,DISCUSSED,KNOWN
Romania_78,ACCOUNTABILITY,DISCUSSED,KNOWN
Romania_84,NOT_DETERMINED,DISCUSSED,KNOWN
Romania_87,SECURITY,DISCUSSED,KNOWN
Romania_91,SECURITY,DISCUSSED,KNOWN
Romania_91,ACCOUNTABILITY,DISCUSSED,KNOWN
Romania_94,SECURITY,DISCUSSED,KNOWN
Romania_100,NONE_VIOLATED,DISCUSSED,KNOWN
Romania_102,LAWFULNESS_FAIRNESS_TRANSPARENCY,DISCUSSED,KNOWN
Romania_102,PURPOSE_LIMITATION,DISCUSSED,KNOWN
Romania_101,SECURITY,DISCUSSED,KNOWN
Romania_98,PURPOSE_LIMITATION,DISCUSSED,KNOWN
Romania_98,DATA_MINIMISATION,DISCUSSED,KNOWN
Romania_98,SECURITY,DISCUSSED,KNOWN
Romania_98,ACCOUNTABILITY,DISCUSSED,KNOWN
Romania_103,LAWFULNESS_FAIRNESS_TRANSPARENCY,DISCUSSED,KNOWN
Romania_103,ACCOUNTABILITY,DISCUSSED,KNOWN
Romania_108,ACCURACY,DISCUSSED,KNOWN
Romania_108,SECURITY,DISCUSSED,KNOWN
Romania_108,ACCOUNTABILITY,DISCUSSED,KNOWN
Romania_116,SECURITY,DISCUSSED,KNOWN
Romania_117,ACCOUNTABILITY,DISCUSSED,KNOWN
Romania_121,SECURITY,DISCUSSED,KNOWN
Romania_119,SECURITY,DISCUSSED,KNOWN
Romania_126,PURPOSE_LIMITATION,DISCUSSED,KNOWN
Romania_126,DATA_MINIMISATION,DISCUSSED,KNOWN
Romania_126,ACCURACY,DISCUSSED,KNOWN
Romania_131,SECURITY,DISCUSSED,KNOWN
Romania_129,PURPOSE_LIMITATION,DISCUSSED,KNOWN
Romania_129,SECURITY,DISCUSSED,KNOWN
Romania_129,ACCOUNTABILITY,DISCUSSED,KNOWN
Romania_132,PURPOSE_LIMITATION,DISCUSSED,KNOWN
Romania_132,SECURITY,DISCUSSED,KNOWN
Romania_132,ACCOUNTABILITY,DISCUSSED,KNOWN
Romania_134,LAWFULNESS_FAIRNESS_TRANSPARENCY,DISCUSSED,KNOWN
Romania_134,SECURITY,DISCUSSED,KNOWN
Romania_136,SECURITY,DISCUSSED,KNOWN
Romania_139,SECURITY,DISCUSSED,KNOWN
Romania_142,PURPOSE_LIMITATION,DISCUSSED,KNOWN
Romania_141,PURPOSE_LIMITATION,DISCUSSED,KNOWN
Romania_141,DATA_MINIMISATION,DISCUSSED,KNOWN
Romania_141,ACCURACY,DISCUSSED,KNOWN
Romania_141,STORAGE_LIMITATION,DISCUSSED,KNOWN
Romania_141,SECURITY,DISCUSSED,KNOWN
Romania_141,ACCOUNTABILITY,DISCUSSED,KNOWN
Romania_141,NONE_VIOLATED,DISCUSSED,KNOWN
Romania_141,NOT_DETERMINED LAWFULNESS_FAIRNESS_TRANSPARENCY,DISCUSSED,UNKNOWN
Romania_140,LAWFULNESS_FAIRNESS_TRANSPARENCY,DISCUSSED,KNOWN
Romania_140,PURPOSE_LIMITATION,DISCUSSED,KNOWN
Romania_140,DATA_MINIMISATION,DISCUSSED,KNOWN
Romania_140,STORAGE_LIMITATION,DISCUSSED,KNOWN
Romania_145,PURPOSE_LIMITATION,DISCUSSED,KNOWN
Romania_145,DATA_MINIMISATION,DISCUSSED,KNOWN
Romania_145,ACCURACY,DISCUSSED,KNOWN
Romania_145,STORAGE_LIMITATION,DISCUSSED,KNOWN
Romania_145,SECURITY,DISCUSSED,KNOWN
Romania_145,ACCOUNTABILITY,DISCUSSED,KNOWN
Romania_145,NONE_VIOLATED,DISCUSSED,KNOWN
Romania_145,NOT_DETERMINED SECURITY,DISCUSSED,UNKNOWN
Romania_144,SECURITY,DISCUSSED,KNOWN
Romania_144,ACCOUNTABILITY,DISCUSSED,KNOWN
Romania_148,ACCOUNTABILITY,DISCUSSED,KNOWN
Romania_150,PURPOSE_LIMITATION,DISCUSSED,KNOWN
Romania_150,DATA_MINIMISATION,DISCUSSED,KNOWN
Romania_150,ACCOUNTABILITY,DISCUSSED,KNOWN
Romania_151,NONE_VIOLATED,DISCUSSED,KNOWN
Romania_155,SECURITY,DISCUSSED,KNOWN
Romania_155,ACCOUNTABILITY,DISCUSSED,KNOWN
Romania_165,SECURITY,DISCUSSED,KNOWN
Romania_171,SECURITY,DISCUSSED,KNOWN
Romania_174,LAWFULNESS_FAIRNESS_TRANSPARENCY,DISCUSSED,KNOWN
Romania_175,LAWFULNESS_FAIRNESS_TRANSPARENCY,DISCUSSED,KNOWN
Romania_172,SECURITY,DISCUSSED,KNOWN
Romania_172,ACCOUNTABILITY,DISCUSSED,KNOWN
Romania_176,SECURITY,DISCUSSED,KNOWN
Portugal_11,SECURITY,DISCUSSED,KNOWN
Portugal_11,ACCOUNTABILITY,DISCUSSED,KNOWN
Portugal_1,DATA_MINIMISATION,DISCUSSED,KNOWN
Portugal_1,SECURITY,DISCUSSED,KNOWN
Portugal_5,LAWFULNESS_FAIRNESS_TRANSPARENCY,DISCUSSED,KNOWN
Portugal_10,SECURITY,DISCUSSED,KNOWN
Portugal_10,STORAGE_LIMITATION,DISCUSSED,KNOWN
Portugal_10,ACCOUNTABILITY,DISCUSSED,KNOWN
Poland_1,SECURITY,DISCUSSED,KNOWN
Poland_1,ACCOUNTABILITY,DISCUSSED,KNOWN
Poland_4,NONE_VIOLATED,DISCUSSED,KNOWN
Poland_5,NONE_VIOLATED,DISCUSSED,KNOWN
Portugal_12,LAWFULNESS_FAIRNESS_TRANSPARENCY,DISCUSSED,KNOWN
Portugal_12,SECURITY,DISCUSSED,KNOWN
Portugal_13,NOT_DETERMINED,DISCUSSED,KNOWN
Poland_8,NONE_VIOLATED,DISCUSSED,KNOWN
Poland_3,ACCOUNTABILITY,DISCUSSED,KNOWN
Poland_7,NONE_VIOLATED,DISCUSSED,KNOWN
Poland_9,NONE_VIOLATED,DISCUSSED,KNOWN
Poland_10,ACCOUNTABILITY,DISCUSSED,KNOWN
Poland_6,SECURITY,DISCUSSED,KNOWN
Poland_6,ACCOUNTABILITY,DISCUSSED,KNOWN
Poland_13,ACCOUNTABILITY,DISCUSSED,KNOWN
Poland_12,ACCOUNTABILITY,DISCUSSED,KNOWN
Poland_14,SECURITY,DISCUSSED,KNOWN
Poland_15,SECURITY,DISCUSSED,KNOWN
Poland_15,ACCOUNTABILITY,DISCUSSED,KNOWN
Poland_16,SECURITY,DISCUSSED,KNOWN
Poland_19,LAWFULNESS_FAIRNESS_TRANSPARENCY,DISCUSSED,KNOWN
Poland_18,LAWFULNESS_FAIRNESS_TRANSPARENCY,DISCUSSED,KNOWN
Poland_17,ACCOUNTABILITY,DISCUSSED,KNOWN
Poland_20,LAWFULNESS_FAIRNESS_TRANSPARENCY,DISCUSSED,KNOWN
Poland_21,ACCOUNTABILITY,DISCUSSED,KNOWN
Poland_24,SECURITY,DISCUSSED,KNOWN
Poland_24,ACCOUNTABILITY,DISCUSSED,KNOWN
Poland_22,SECURITY,DISCUSSED,KNOWN
Poland_22,ACCOUNTABILITY,DISCUSSED,KNOWN
